{
    "revenue": {
        "basic robot kit": 49999.5
    },
    "cogs": {
        "basic robot kit": 14095.500000000002
    },
    "expenses": {
        "salaries": 8333.333333333334,
        "rent": 0,
        "depreciation": 0
    },
    "taxes": {
        "rate": 0.25
    }
}