{
    "revenue": {
        "basic robot kit": 52999.47
    },
    "cogs": {
        "basic robot kit": 14941.230000000001
    },
    "expenses": {
        "salaries": 8333.333333333334,
        "rent": 0,
        "depreciation": 0
    },
    "taxes": {
        "rate": 0.25
    }
}