{
    "current assets": {
        "cash": 91666.66666666667,
        "inventory parts": 53247.630000000005,
        "inventory products": 3999.96,
        "receivables": 2999.9700000000003
    },
    "fixed assets": {
        "real estate": 10000,
        "machines": 5000
    },
    "short term liabilities": {
        "payables": 69316.49999999999,
        "credit balance": 0
    },
    "long term liabilities": {
        "loans": 12000
    }
}